source	target
hsa_circ_0005147	hsa-let-7b-3p
hsa-let-7b-3p	GPR37
hsa-let-7b-3p	RSRP1
hsa-let-7b-3p	MARCKS
hsa_circ_0038095	hsa-let-7b-3p
hsa_circ_0008323	hsa-let-7c-5p
hsa-let-7c-5p	BSDC1
hsa-let-7c-5p	MKRN1
hsa_circ_0000676	hsa-let-7c-5p
hsa_circ_0051718	hsa-let-7c-5p
hsa_circ_0009006	hsa-let-7c-5p
hsa_circ_0002901	hsa-let-7c-5p
hsa_circ_0099201	hsa-let-7c-5p
hsa_circ_0016760	hsa-let-7c-5p
hsa_circ_0035301	hsa-let-7c-5p
hsa_circ_0099132	hsa-let-7c-5p
hsa_circ_0000442	hsa-let-7c-5p
hsa_circ_0086684	hsa-let-7c-5p
hsa_circ_0099201	hsa-let-7e-5p
hsa-let-7e-5p	TRIB1
hsa-let-7e-5p	PFKFB2
hsa-let-7e-5p	MAST1
hsa-let-7e-5p	FBXO45
hsa-let-7e-5p	TMC5
hsa-let-7e-5p	MARCKS
hsa-let-7e-5p	LMTK2
hsa-let-7e-5p	SYT7
hsa-let-7e-5p	BACE2
hsa-let-7e-5p	STARD3NL
hsa-let-7e-5p	FBXO6
hsa-let-7e-5p	VPS54
hsa-let-7e-5p	SLCO5A1
hsa-let-7e-5p	PACS1
hsa-let-7e-5p	MGAT5B
hsa-let-7e-5p	ZRANB2
hsa-let-7e-5p	TMEM151A
hsa-let-7e-5p	DHTKD1
hsa-let-7e-5p	SCAF4
hsa-let-7e-5p	WIPI2
hsa-let-7e-5p	BSDC1
hsa_circ_0076700	hsa-let-7e-5p
hsa_circ_0000038	hsa-let-7e-5p
hsa_circ_0003904	hsa-let-7e-5p
hsa_circ_0009006	hsa-let-7e-5p
hsa_circ_0051718	hsa-let-7e-5p
hsa_circ_0089153	hsa-let-7e-5p
hsa_circ_0002901	hsa-let-7e-5p
hsa_circ_0020704	hsa-let-7e-5p
hsa_circ_0086684	hsa-let-7e-5p
hsa_circ_0000442	hsa-let-7e-5p
hsa_circ_0008323	hsa-let-7e-5p
hsa_circ_0005147	hsa-let-7e-5p
hsa_circ_0026134	hsa-miR-107
hsa-miR-107	NPAS2
hsa-miR-107	SLC25A37
hsa-miR-107	TRIM59
hsa-miR-107	ASIC1
hsa-miR-107	KIF21A
hsa-miR-107	CKMT1A
hsa-miR-107	PACSIN1
hsa-miR-107	CDK17
hsa-miR-107	SCAMP5
hsa-miR-107	PPP3R1
hsa-miR-107	SIX4
hsa_circ_0000128	hsa-miR-107
hsa_circ_0038095	hsa-miR-107
hsa_circ_0002319	hsa-miR-107
hsa_circ_0000044	hsa-miR-107
hsa_circ_0002315	hsa-miR-107
hsa_circ_0008323	hsa-miR-107
hsa_circ_0003695	hsa-miR-107
hsa_circ_0000211	hsa-miR-107
hsa_circ_0003956	hsa-miR-107
hsa_circ_0017628	hsa-miR-107
hsa_circ_0000676	hsa-miR-107
hsa_circ_0035301	hsa-miR-107
hsa_circ_0023115	hsa-miR-107
hsa_circ_0006913	hsa-miR-107
hsa_circ_0045890	hsa-miR-107
hsa_circ_0006732	hsa-miR-107
hsa_circ_0017726	hsa-miR-107
hsa_circ_0067717	hsa-miR-107
hsa_circ_0004703	hsa-miR-107
hsa_circ_0001655	hsa-miR-107
hsa_circ_0000357	hsa-miR-107
hsa_circ_0000020	hsa-miR-125b-2-3p
hsa-miR-125b-2-3p	SCAMP5
hsa-miR-125b-2-3p	FBXO45
hsa-miR-125b-2-3p	ECHDC2
hsa-miR-125b-2-3p	RABIF
hsa-miR-125b-2-3p	BSDC1
hsa-miR-125b-2-3p	REPS1
hsa-miR-125b-2-3p	CFAP44
hsa-miR-125b-2-3p	LMTK2
hsa-miR-125b-2-3p	PRR13
hsa-miR-125b-2-3p	PBLD
hsa-miR-125b-2-3p	MKRN1
hsa-miR-125b-2-3p	PACSIN1
hsa-miR-125b-2-3p	ARPC1A
hsa-miR-125b-2-3p	ING5
hsa_circ_0106511	hsa-miR-125b-2-3p
hsa_circ_0031132	hsa-miR-125b-2-3p
hsa_circ_0002490	hsa-miR-125b-2-3p
hsa_circ_0055954	hsa-miR-125b-2-3p
hsa_circ_0000128	hsa-miR-125b-2-3p
hsa_circ_0059490	hsa-miR-125b-2-3p
hsa_circ_0035301	hsa-miR-125b-2-3p
hsa_circ_0036188	hsa-miR-125b-5p
hsa-miR-125b-5p	ASIC1
hsa-miR-125b-5p	IBA57
hsa-miR-125b-5p	BBC3
hsa-miR-125b-5p	TMEM63C
hsa-miR-125b-5p	CACNB3
hsa-miR-125b-5p	PCDHB10
hsa-miR-125b-5p	SMYD5
hsa-miR-125b-5p	TRIB1
hsa-miR-125b-5p	FBXO45
hsa-miR-125b-5p	RSRP1
hsa-miR-125b-5p	BACE2
hsa-miR-125b-5p	PDCL3
hsa_circ_0006784	hsa-miR-125b-5p
hsa_circ_0083054	hsa-miR-125b-5p
hsa_circ_0000442	hsa-miR-125b-5p
hsa_circ_0000129	hsa-miR-125b-5p
hsa_circ_0063408	hsa-miR-125b-5p
hsa_circ_0017726	hsa-miR-140-3p
hsa-miR-140-3p	MARCKS
hsa-miR-140-3p	ELAVL2
hsa-miR-140-3p	UBE2E3
hsa-miR-140-3p	EFHC1
hsa-miR-140-3p	ORMDL1
hsa-miR-140-3p	KIF21A
hsa-miR-140-3p	GDI1
hsa-miR-140-3p	MKRN1
hsa-miR-140-3p	MYPOP
hsa-miR-140-3p	ZNF138
hsa-miR-140-3p	ASIC1
hsa-miR-140-3p	GIT1
hsa-miR-140-3p	GJB2
hsa-miR-140-3p	PFKFB2
hsa_circ_0055954	hsa-miR-140-3p
hsa_circ_0005016	hsa-miR-140-3p
hsa_circ_0029325	hsa-miR-140-3p
hsa_circ_0111796	hsa-miR-140-3p
hsa_circ_0003079	hsa-miR-140-3p
hsa_circ_0000735	hsa-miR-193a-5p
hsa-miR-193a-5p	TMSB10
hsa-miR-193a-5p	HABP2
hsa-miR-193a-5p	NET1
hsa-miR-193a-5p	ING5
hsa-miR-193a-5p	PPP3R1
hsa-miR-193a-5p	PIGZ
hsa_circ_0036766	hsa-miR-193a-5p
hsa_circ_0016760	hsa-miR-193a-5p
hsa_circ_0080425	hsa-miR-193a-5p
hsa_circ_0008068	hsa-miR-193a-5p
hsa_circ_0027774	hsa-miR-193a-5p
hsa_circ_0063408	hsa-miR-193b-3p
hsa-miR-193b-3p	REPS1
hsa-miR-193b-3p	GJB2
hsa-miR-193b-3p	THUMPD2
hsa-miR-193b-3p	PPP3R1
hsa-miR-193b-3p	BSDC1
hsa-miR-193b-3p	LEF1
hsa-miR-193b-3p	ING5
hsa-miR-193b-3p	NET1
hsa-miR-193b-3p	WIPI2
hsa-miR-193b-3p	UBE2S
hsa-miR-193b-3p	CDK17
hsa_circ_0006758	hsa-miR-193b-3p
hsa_circ_0008323	hsa-miR-193b-3p
hsa_circ_0086684	hsa-miR-193b-3p
hsa_circ_0000204	hsa-miR-193b-3p
hsa_circ_0000357	hsa-miR-221-3p
hsa-miR-221-3p	MTERF4
hsa-miR-221-3p	MARCKS
hsa-miR-221-3p	NAPA
hsa-miR-221-3p	ELAVL2
hsa-miR-221-3p	SLC25A37
hsa-miR-221-3p	NUP43
hsa-miR-221-3p	BBC3
hsa-miR-221-3p	PPP3R1
hsa-miR-221-3p	IFRD1
hsa_circ_0031132	hsa-miR-221-3p
hsa_circ_0002901	hsa-miR-221-3p
hsa_circ_0002901	hsa-miR-222-3p
hsa-miR-222-3p	BBC3
hsa-miR-222-3p	SLC25A37
hsa-miR-222-3p	NUP43
hsa-miR-222-3p	BACE2
hsa-miR-222-3p	PPP3R1
hsa-miR-222-3p	MTERF4
hsa-miR-222-3p	GDI1
hsa-miR-222-3p	IFRD1
hsa_circ_0065149	hsa-miR-222-3p
hsa_circ_0000357	hsa-miR-222-3p
hsa_circ_0031132	hsa-miR-222-3p
hsa_circ_0052767	hsa-miR-23b-3p
hsa-miR-23b-3p	UBE2E3
hsa-miR-23b-3p	ARPC1A
hsa-miR-23b-3p	COX20
hsa-miR-23b-3p	C2orf68
hsa-miR-23b-3p	SLC25A37
hsa-miR-23b-3p	NUP43
hsa-miR-23b-3p	NELFB
hsa-miR-23b-3p	CDK17
hsa-miR-23b-3p	ORMDL1
hsa-miR-23b-3p	TRIM59
hsa-miR-23b-3p	HBQ1
hsa-miR-23b-3p	ELAVL2
hsa-miR-23b-3p	UBE2S
hsa-miR-23b-3p	STARD3NL
hsa-miR-23b-3p	PHF21B
hsa-miR-23b-3p	KIF21A
hsa-miR-23b-3p	HABP2
hsa-miR-23b-3p	MARCKS
hsa-miR-23b-3p	CATSPERB
hsa-miR-23b-3p	TRIB1
hsa-miR-23b-3p	NPAS2
hsa-miR-23b-3p	CFAP44
hsa-miR-23b-3p	PCDH1
hsa-miR-23b-3p	PACS1
hsa-miR-23b-3p	TTC9
hsa-miR-23b-3p	GALNT11
hsa-miR-23b-3p	GDI1
hsa-miR-23b-3p	FOXL2
hsa-miR-23b-3p	SIX4
hsa-miR-23b-3p	TBC1D8
hsa-miR-23b-3p	DHTKD1
hsa-miR-23b-3p	BSDC1
hsa-miR-23b-3p	KIFC2
hsa-miR-23b-3p	RWDD4
hsa-miR-23b-3p	SCAF4
hsa-miR-23b-3p	TTC31
hsa-miR-23b-3p	TMEM150C
hsa-miR-23b-3p	ZNF138
hsa-miR-23b-3p	POM121C
hsa-miR-23b-3p	GPR37
hsa-miR-23b-3p	SH3BGRL3
hsa-miR-23b-3p	NET1
hsa-miR-23b-3p	TLX1
hsa-miR-23b-3p	RPIA
hsa_circ_0008584	hsa-miR-23b-3p
hsa_circ_0015928	hsa-miR-23b-3p
hsa_circ_0039930	hsa-miR-23b-3p
hsa_circ_0086684	hsa-miR-23b-3p
hsa_circ_0001190	hsa-miR-23b-3p
hsa_circ_0000442	hsa-miR-26a-5p
hsa-miR-26a-5p	PFKFB2
hsa-miR-26a-5p	REG4
hsa-miR-26a-5p	POM121C
hsa-miR-26a-5p	REPS1
hsa-miR-26a-5p	BSDC1
hsa-miR-26a-5p	GPR37
hsa-miR-26a-5p	INHBB
hsa-miR-26a-5p	FBXO6
hsa-miR-26a-5p	NET1
hsa-miR-26a-5p	CAMKV
hsa-miR-26a-5p	ARF5
hsa-miR-26a-5p	RPIA
hsa-miR-26a-5p	CCDC14
hsa-miR-26a-5p	INPP5E
hsa-miR-26a-5p	BACE2
hsa-miR-26a-5p	HBQ1
hsa-miR-26a-5p	MTERF4
hsa-miR-26a-5p	LEF1
hsa-miR-26a-5p	INSM2
hsa-miR-26a-5p	TBC1D8
hsa-miR-26a-5p	TMEM150C
hsa-miR-26a-5p	GSAP
hsa-miR-26a-5p	SEC31B
hsa-miR-26a-5p	ZNF138
hsa-miR-26a-5p	GAD1
hsa-miR-26a-5p	ELAVL2
hsa-miR-26a-5p	GALNT10
hsa-miR-26a-5p	FBXO45
hsa-miR-26a-5p	PPP3R1
hsa-miR-26a-5p	ARPC1A
hsa-miR-26a-5p	PACSIN1
hsa-miR-26a-5p	MYPOP
hsa-miR-26a-5p	IFRD1
hsa-miR-26a-5p	PPP1R9A
hsa-miR-26a-5p	PFDN5
hsa_circ_0052767	hsa-miR-26a-5p
hsa_circ_0008323	hsa-miR-26a-5p
hsa_circ_0086684	hsa-miR-27b-3p
hsa-miR-27b-3p	BBC3
hsa-miR-27b-3p	CATSPERB
hsa-miR-27b-3p	BRSK2
hsa-miR-27b-3p	GALNT11
hsa-miR-27b-3p	DHTKD1
hsa-miR-27b-3p	ARPC1A
hsa-miR-27b-3p	KIF21A
hsa-miR-27b-3p	ING5
hsa-miR-27b-3p	FAM222A
hsa-miR-27b-3p	NET1
hsa-miR-27b-3p	REPS1
hsa-miR-27b-3p	NKAIN1
hsa-miR-27b-3p	TMSB10
hsa-miR-27b-3p	TRIB1
hsa-miR-27b-3p	POM121C
hsa-miR-27b-3p	WIPI2
hsa-miR-27b-3p	ASIC1
hsa-miR-27b-3p	INSM2
hsa-miR-27b-3p	RPIA
hsa-miR-27b-3p	MARCKS
hsa-miR-27b-3p	SLC13A3
hsa-miR-27b-3p	SLCO5A1
hsa-miR-27b-3p	NPTXR
hsa-miR-27b-3p	TRIM59
hsa-miR-27b-3p	FBXO45
hsa-miR-27b-3p	MTERF2
hsa-miR-27b-3p	BACE2
hsa-miR-27b-3p	GALNT10
hsa-miR-27b-3p	ELAVL2
hsa-miR-27b-3p	SIX4
hsa-miR-27b-3p	ZNF138
hsa_circ_0005479	hsa-miR-27b-3p
hsa_circ_0000735	hsa-miR-27b-3p
hsa_circ_0002157	hsa-miR-27b-3p
hsa_circ_0072904	hsa-miR-27b-3p
hsa_circ_0008584	hsa-miR-27b-3p
hsa_circ_0035301	hsa-miR-27b-3p
hsa_circ_0000442	hsa-miR-27b-3p
hsa_circ_0008068	hsa-miR-29a-3p
hsa-miR-29a-3p	ARF5
hsa-miR-29a-3p	GPR37
hsa-miR-29a-3p	FMOD
hsa-miR-29a-3p	KIFC2
hsa-miR-29a-3p	SYT7
hsa-miR-29a-3p	FBXO45
hsa-miR-29a-3p	NET1
hsa-miR-29a-3p	CCDC14
hsa-miR-29a-3p	OBSL1
hsa-miR-29a-3p	C2orf68
hsa-miR-29a-3p	P4HTM
hsa-miR-29a-3p	ZNF22
hsa-miR-29a-3p	EPHB3
hsa-miR-29a-3p	TTC9
hsa-miR-29a-3p	BBC3
hsa-miR-29a-3p	SCAMP5
hsa-miR-29a-3p	PAPSS1
hsa-miR-29a-3p	SGSM2
hsa-miR-29a-3p	ZNF862
hsa-miR-29a-3p	ZNF282
hsa-miR-29a-3p	IFRD1
hsa-miR-29a-3p	MARCKS
hsa-miR-29a-3p	BACE2
hsa_circ_0071374	hsa-miR-29a-3p
hsa_circ_0000357	hsa-miR-29a-3p
hsa_circ_0000647	hsa-miR-29a-3p
hsa_circ_0071649	hsa-miR-29a-3p
hsa_circ_0067492	hsa-miR-29a-3p
hsa_circ_0094004	hsa-miR-29a-3p
hsa_circ_0009043	hsa-miR-30a-3p
hsa-miR-30a-3p	PACS1
hsa-miR-30a-3p	CFAP44
hsa-miR-30a-3p	SIX4
hsa-miR-30a-3p	PFKFB2
hsa-miR-30a-3p	GALNT10
hsa-miR-30a-3p	SLC25A37
hsa-miR-30a-3p	ARPC1A
hsa-miR-30a-3p	ORMDL1
hsa-miR-30a-3p	NET1
hsa-miR-30a-3p	SCAF4
hsa-miR-30a-3p	TMEM150C
hsa-miR-30a-3p	PPP1R9A
hsa-miR-30a-3p	ZNF138
hsa_circ_0113080	hsa-miR-30a-3p
hsa_circ_0054853	hsa-miR-30a-3p
hsa_circ_0036188	hsa-miR-30a-3p
hsa_circ_0063226	hsa-miR-30a-3p
hsa_circ_0035301	hsa-miR-30a-3p
hsa_circ_0039930	hsa-miR-30a-3p
hsa_circ_0001278	hsa-miR-30c-5p
hsa-miR-30c-5p	ZRANB2
hsa-miR-30c-5p	UBE2E3
hsa-miR-30c-5p	CELF5
hsa-miR-30c-5p	PPP3R1
hsa-miR-30c-5p	MARCKS
hsa-miR-30c-5p	NET1
hsa-miR-30c-5p	FMOD
hsa-miR-30c-5p	CCDC14
hsa-miR-30c-5p	SIX4
hsa-miR-30c-5p	BUD31
hsa-miR-30c-5p	CAMKV
hsa-miR-30c-5p	CCDC120
hsa-miR-30c-5p	SLC25A37
hsa-miR-30c-5p	EBF2
hsa-miR-30c-5p	SLCO5A1
hsa-miR-30c-5p	CDK17
hsa-miR-30c-5p	SCAF4
hsa-miR-30c-5p	NDUFA10
hsa-miR-30c-5p	CTHRC1
hsa-miR-30c-5p	FBXO45
hsa-miR-30c-5p	TOR1B
hsa-miR-30c-5p	ELAVL2
hsa-miR-30c-5p	PPP1R9A
hsa_circ_0007178	hsa-miR-30c-5p
hsa_circ_0035301	hsa-miR-30c-5p
hsa_circ_0004291	hsa-miR-30c-5p
hsa_circ_0009043	hsa-miR-30e-3p
hsa-miR-30e-3p	ZNF138
hsa-miR-30e-3p	TMEM150C
hsa-miR-30e-3p	ARPC1A
hsa-miR-30e-3p	SCAF4
hsa-miR-30e-3p	SLC25A37
hsa-miR-30e-3p	CFAP44
hsa-miR-30e-3p	PPP1R9A
hsa-miR-30e-3p	SIX4
hsa-miR-30e-3p	NET1
hsa-miR-30e-3p	PACS1
hsa-miR-30e-3p	GALNT10
hsa-miR-30e-3p	PFKFB2
hsa-miR-30e-3p	ORMDL1
hsa_circ_0063226	hsa-miR-30e-3p
hsa_circ_0039930	hsa-miR-30e-3p
hsa_circ_0036188	hsa-miR-30e-3p
hsa_circ_0054853	hsa-miR-30e-3p
hsa_circ_0004650	hsa-miR-30e-3p
hsa_circ_0066536	hsa-miR-324-3p
hsa-miR-324-3p	CABP4
hsa-miR-324-3p	NELFB
hsa-miR-324-3p	IFRD1
hsa-miR-324-3p	TRIB1
hsa-miR-324-3p	GALNT10
hsa-miR-324-3p	NAPA
hsa-miR-324-3p	SCAMP5
hsa-miR-324-3p	CDK17
hsa-miR-324-3p	TOR1B
hsa-miR-324-3p	CAMKV
hsa-miR-324-3p	GALNT11
hsa-miR-324-3p	GIT1
hsa_circ_0105346	hsa-miR-324-3p
hsa_circ_0005016	hsa-miR-324-3p
hsa_circ_0086694	hsa-miR-324-3p
hsa_circ_0039930	hsa-miR-324-3p
hsa_circ_0043001	hsa-miR-324-3p
hsa_circ_0005397	hsa-miR-324-3p
hsa_circ_0060035	hsa-miR-324-3p
hsa_circ_0006758	hsa-miR-324-3p
hsa_circ_0092911	hsa-miR-324-3p
hsa_circ_0047641	hsa-miR-324-3p
hsa_circ_0086684	hsa-miR-324-3p
hsa_circ_0094004	hsa-miR-324-3p
hsa_circ_0140691	hsa-miR-324-3p
hsa_circ_0035301	hsa-miR-324-3p
hsa_circ_0052767	hsa-miR-324-3p
hsa_circ_0001726	hsa-miR-361-3p
hsa-miR-361-3p	PRR13
hsa-miR-361-3p	SYT7
hsa-miR-361-3p	EFHC1
hsa-miR-361-3p	ZNF282
hsa-miR-361-3p	BGN
hsa-miR-361-3p	POM121C
hsa-miR-361-3p	GIT1
hsa-miR-361-3p	CACNA2D2
hsa-miR-361-3p	TMEM63C
hsa-miR-361-3p	MYPOP
hsa-miR-361-3p	SRCIN1
hsa-miR-361-3p	BSDC1
hsa_circ_0005164	hsa-miR-361-3p
hsa_circ_0026462	hsa-miR-361-3p
hsa_circ_0004291	hsa-miR-361-3p
hsa_circ_0092327	hsa-miR-361-3p
hsa_circ_0055954	hsa-miR-361-3p
hsa_circ_0063408	hsa-miR-361-3p
hsa_circ_0088046	hsa-miR-361-3p
hsa_circ_0140691	hsa-miR-361-3p
hsa_circ_0068697	hsa-miR-361-3p
hsa_circ_0092911	hsa-miR-361-3p
hsa_circ_0003695	hsa-miR-361-3p
hsa_circ_0035301	hsa-miR-361-3p
hsa_circ_0008926	hsa-miR-361-3p
hsa_circ_0039930	hsa-miR-361-3p
hsa_circ_0000442	hsa-miR-505-3p
hsa-miR-505-3p	CFAP44
hsa-miR-505-3p	FBXO45
hsa-miR-505-3p	KIF21A
hsa-miR-505-3p	RPIA
hsa_circ_0002901	hsa-miR-505-3p
hsa_circ_0026134	hsa-miR-505-3p
hsa_circ_0004650	hsa-miR-505-3p
hsa_circ_0076700	hsa-miR-505-3p
hsa_circ_0029325	hsa-miR-505-3p
hsa_circ_0049851	hsa-miR-99a-3p
hsa-miR-99a-3p	CCDC14
hsa-miR-99a-3p	TRIB1
hsa-miR-99a-3p	GIT1
hsa-miR-99a-3p	ARF5
hsa_circ_0001057	hsa-miR-99a-3p
hsa_circ_0008323	hsa-miR-99a-5p
hsa-miR-99a-5p	TRIB1
hsa-miR-99a-5p	BGN
hsa-miR-99a-5p	FABP5
hsa-miR-99a-5p	HABP2
hsa-miR-99a-5p	GALNT11
hsa-miR-99a-5p	ORMDL1
hsa-miR-99a-5p	MYPOP
hsa_circ_0008323	hsa-miR-99b-5p
hsa-miR-99b-5p	NUP43
hsa-miR-99b-5p	MARCKS
hsa-miR-99b-5p	FBXO6
hsa-miR-99b-5p	SGSM2
hsa-miR-99b-5p	PPP3R1
hsa-miR-99b-5p	TRIB1
hsa-miR-99b-5p	GALNT11
hsa_circ_0071210	hsa-miR-106a-5p
hsa-miR-106a-5p	SEC23A
hsa-miR-106a-5p	SLC39A14
hsa-miR-106a-5p	ATP1B3
hsa-miR-106a-5p	TNFRSF10B
hsa-miR-106a-5p	ZNF578
hsa-miR-106a-5p	CRISPLD2
hsa-miR-106a-5p	PLK2
hsa-miR-106a-5p	FBXL22
hsa-miR-106a-5p	GPAM
hsa-miR-106a-5p	LIPA
hsa-miR-106a-5p	MAP3K8
hsa-miR-106a-5p	ADGRD1
hsa-miR-106a-5p	EPS15L1
hsa-miR-106a-5p	SLC22A3
hsa-miR-106a-5p	CPSF2
hsa-miR-106a-5p	LZIC
hsa-miR-106a-5p	ZNF532
hsa-miR-106a-5p	NFIC
hsa-miR-106a-5p	MINK1
hsa-miR-106a-5p	ASF1A
hsa-miR-106a-5p	BHLHE40
hsa-miR-106a-5p	FBXL3
hsa-miR-106a-5p	ZFP28
hsa-miR-106a-5p	SLC2A4
hsa-miR-106a-5p	PDCD4
hsa-miR-106a-5p	LAMA3
hsa-miR-106a-5p	ZNF665
hsa-miR-106a-5p	CRYBG3
hsa-miR-106a-5p	ETS1
hsa-miR-106a-5p	DSC3
hsa-miR-106a-5p	OPA1
hsa-miR-106a-5p	FBXL5
hsa-miR-106a-5p	BTN3A2
hsa-miR-106a-5p	ACOT9
hsa-miR-106a-5p	PTGFRN
hsa-miR-106a-5p	CCNT2
hsa-miR-106a-5p	MRPL10
hsa_circ_0058097	hsa-miR-10b-5p
hsa-miR-10b-5p	PDCD4
hsa-miR-10b-5p	TMEM109
hsa-miR-10b-5p	VDR
hsa-miR-10b-5p	DLG5
hsa-miR-10b-5p	ITSN1
hsa-miR-10b-5p	ZC2HC1C
hsa-miR-10b-5p	PPP3CB
hsa_circ_0074559	hsa-miR-10b-5p
hsa_circ_0015270	hsa-miR-10b-5p
hsa_circ_0074598	hsa-miR-1224-5p
hsa-miR-1224-5p	FADS1
hsa-miR-1224-5p	ITSN1
hsa-miR-1224-5p	DLG5
hsa-miR-1224-5p	ARHGEF19
hsa-miR-1224-5p	ASCC3
hsa-miR-1224-5p	ZNF728
hsa-miR-1224-5p	SLC39A14
hsa-miR-1224-5p	IPO11
hsa-miR-1224-5p	FAM217B
hsa-miR-1224-5p	CCNT2
hsa-miR-1224-5p	PHLDA3
hsa-miR-1224-5p	SRRD
hsa-miR-1224-5p	WASF2
hsa_circ_0002807	hsa-miR-1224-5p
hsa_circ_0004870	hsa-miR-1224-5p
hsa_circ_0000714	hsa-miR-1224-5p
hsa_circ_0001660	hsa-miR-1976
hsa-miR-1976	PHLDA3
hsa-miR-1976	FADS1
hsa-miR-1976	TCEANC2
hsa-miR-1976	AKIRIN1
hsa-miR-1976	ZNF578
hsa-miR-1976	PDCD4
hsa-miR-1976	JAG2
hsa-miR-1976	MICAL3
hsa-miR-1976	KAZN
hsa-miR-1976	DFFA
hsa-miR-1976	NAV3
hsa_circ_0089761	hsa-miR-1976
hsa_circ_0006004	hsa-miR-1976
hsa_circ_0063089	hsa-miR-1976
hsa_circ_0007312	hsa-miR-1976
hsa_circ_0085918	hsa-miR-1976
hsa_circ_0000525	hsa-miR-1976
hsa_circ_0034642	hsa-miR-1976
hsa_circ_0003099	hsa-miR-1976
hsa_circ_0058097	hsa-miR-1976
hsa_circ_0004870	hsa-miR-1976
hsa_circ_0062603	hsa-miR-1976
hsa_circ_0001258	hsa-miR-1976
hsa_circ_0008122	hsa-miR-3074-3p
hsa-miR-3074-3p	LIPA
hsa-miR-3074-3p	CYB5R4
hsa-miR-3074-3p	FAM217B
hsa-miR-3074-3p	NFIC
hsa-miR-3074-3p	STX7
hsa-miR-3074-3p	ARSB
hsa-miR-3074-3p	EHF
hsa-miR-3074-3p	TMED7
hsa_circ_0030509	hsa-miR-3074-3p
hsa_circ_0078607	hsa-miR-32-5p
hsa-miR-32-5p	MCFD2
hsa-miR-32-5p	NAV3
hsa-miR-32-5p	LZIC
hsa-miR-32-5p	DSC3
hsa-miR-32-5p	NFIC
hsa-miR-32-5p	CDCA7L
hsa-miR-32-5p	ZNF532
hsa-miR-32-5p	SLC39A14
hsa-miR-32-5p	UQCRC2
hsa-miR-32-5p	GPAM
hsa-miR-32-5p	ATP1B3
hsa-miR-32-5p	PGAM1
hsa-miR-32-5p	SLC16A13
hsa-miR-32-5p	HBS1L
hsa-miR-32-5p	EIF5
hsa-miR-32-5p	ZNF287
hsa-miR-32-5p	ZDHHC5
hsa_circ_0001646	hsa-miR-32-5p
hsa_circ_0037511	hsa-miR-32-5p
hsa_circ_0001348	hsa-miR-335-5p
hsa-miR-335-5p	LIPA
hsa-miR-335-5p	BHLHE40
hsa-miR-335-5p	MOCOS
hsa-miR-335-5p	CYP2E1
hsa-miR-335-5p	DAGLA
hsa-miR-335-5p	CDCP1
hsa-miR-335-5p	ZFP28
hsa-miR-335-5p	LONRF1
hsa-miR-335-5p	MAP3K8
hsa-miR-335-5p	CRISPLD2
hsa-miR-335-5p	IFT81
hsa-miR-335-5p	MICAL3
hsa-miR-335-5p	RNF214
hsa-miR-335-5p	PKHD1L1
hsa-miR-335-5p	EHF
hsa-miR-335-5p	SIAH2
hsa-miR-335-5p	PEX12
hsa-miR-335-5p	SLC2A4
hsa-miR-335-5p	PPARGC1A
hsa-miR-335-5p	PEG3
hsa-miR-335-5p	JAG2
hsa-miR-335-5p	FADS2
hsa-miR-335-5p	FADS1
hsa-miR-335-5p	ZNF532
hsa-miR-335-5p	PDCD4
hsa-miR-335-5p	CCNT2
hsa_circ_0000500	hsa-miR-335-5p
hsa_circ_0074559	hsa-miR-335-5p
hsa_circ_0008817	hsa-miR-335-5p
hsa_circ_0088485	hsa-miR-335-5p
hsa_circ_0060539	hsa-miR-335-5p
hsa_circ_0017037	hsa-miR-367-5p
hsa-miR-367-5p	SEC23A
hsa-miR-367-5p	NSRP1
hsa-miR-367-5p	FAM83F
hsa-miR-367-5p	DFFA
hsa-miR-367-5p	CCNT2
hsa-miR-367-5p	TCEANC2
hsa_circ_0001646	hsa-miR-367-5p
hsa_circ_0001818	hsa-miR-367-5p
hsa_circ_0089761	hsa-miR-384
hsa-miR-384	SETD3
hsa-miR-384	CCNT2
hsa-miR-384	IPO11
hsa-miR-384	MRPL10
hsa-miR-384	RNF214
hsa-miR-384	ZIK1
hsa-miR-384	ZNF879
hsa_circ_0007245	hsa-miR-384
hsa_circ_0034642	hsa-miR-486-3p
hsa-miR-486-3p	BHLHE40
hsa-miR-486-3p	NFIC
hsa-miR-486-3p	PGAM1
hsa-miR-486-3p	DAGLA
hsa-miR-486-3p	HS6ST1
hsa-miR-486-3p	LDB1
hsa-miR-486-3p	WASF2
hsa-miR-486-3p	PTGFRN
hsa-miR-486-3p	CREG1
hsa-miR-486-3p	TMEM164
hsa_circ_0009654	hsa-miR-486-3p
hsa_circ_0000324	hsa-miR-486-3p
hsa_circ_0060539	hsa-miR-518c-5p
hsa-miR-518c-5p	FADS1
hsa-miR-518c-5p	NFIC
hsa-miR-518c-5p	BHLHE40
hsa-miR-518c-5p	TANGO6
hsa-miR-518c-5p	DSC3
hsa-miR-518c-5p	DFFA
hsa-miR-518c-5p	ARSB
hsa-miR-518c-5p	SEC23A
hsa-miR-518c-5p	DDX19A
hsa-miR-518c-5p	CDCP1
hsa-miR-518c-5p	ETS1
hsa-miR-518c-5p	SLC22A3
hsa_circ_0075320	hsa-miR-518c-5p
hsa_circ_0000500	hsa-miR-518c-5p
hsa_circ_0117334	hsa-miR-580-3p
hsa-miR-580-3p	ADGRG6
hsa-miR-580-3p	DLG5
hsa-miR-580-3p	PTGFRN
hsa-miR-580-3p	VDR
hsa-miR-580-3p	SLC36A4
hsa-miR-580-3p	COX10
hsa-miR-580-3p	PDCD4
hsa-miR-580-3p	ESD
hsa-miR-580-3p	SLC39A14
hsa-miR-580-3p	DSC3
hsa-miR-580-3p	LZIC
hsa-miR-580-3p	UQCRC2
hsa-miR-580-3p	STX7
hsa-miR-580-3p	ATP1B3
hsa_circ_0003438	hsa-miR-580-3p
hsa_circ_0030509	hsa-miR-580-3p
hsa_circ_0037511	hsa-miR-580-3p
hsa_circ_0004134	hsa-miR-580-3p
hsa_circ_0062603	hsa-miR-598-3p
hsa-miR-598-3p	B4GALT1
hsa-miR-598-3p	DDR2
hsa-miR-598-3p	PPP3CB
hsa-miR-598-3p	DLG5
hsa_circ_0001348	hsa-miR-598-3p
hsa_circ_0004134	hsa-miR-598-3p
hsa_circ_0089761	hsa-miR-598-3p
hsa_circ_0103272	hsa-miR-671-5p
hsa-miR-671-5p	PRMT9
hsa-miR-671-5p	CDCP1
hsa-miR-671-5p	DRAM1
hsa-miR-671-5p	ATP1B3
hsa-miR-671-5p	TRUB1
hsa-miR-671-5p	FADS1
hsa-miR-671-5p	TMEM164
hsa-miR-671-5p	KIF20B
hsa-miR-671-5p	GPAM
hsa-miR-671-5p	MINK1
hsa-miR-671-5p	CREG1
hsa-miR-671-5p	TMEM109
hsa-miR-671-5p	CRISPLD2
hsa-miR-671-5p	CDCA7L
hsa-miR-671-5p	IL15RA
hsa-miR-671-5p	SIAH2
hsa-miR-671-5p	FAM83F
hsa-miR-671-5p	FBXL22
hsa-miR-671-5p	HS6ST1
hsa-miR-671-5p	OPA1
hsa_circ_0063089	hsa-miR-671-5p
hsa_circ_0078605	hsa-miR-671-5p
hsa_circ_0001660	hsa-miR-671-5p
hsa_circ_0078607	hsa-miR-671-5p
hsa_circ_0001888	hsa-miR-92b-5p
hsa-miR-92b-5p	MCFD2
hsa-miR-92b-5p	NFIC
hsa-miR-92b-5p	IL15RA
hsa_circ_0002807	hsa-miR-92b-5p
hsa_circ_0063526	hsa-miR-939-5p
hsa-miR-939-5p	DAGLA
hsa-miR-939-5p	BHLHE40
hsa-miR-939-5p	TMEM109
hsa-miR-939-5p	MINK1
hsa-miR-939-5p	TMEM164
hsa-miR-939-5p	NFIC
hsa-miR-939-5p	CDADC1
hsa-miR-939-5p	IGSF9B
hsa-miR-939-5p	CDCP1
hsa-miR-939-5p	WASF2
hsa-miR-939-5p	PANK4
hsa-miR-939-5p	HS6ST1
hsa-miR-939-5p	MRPL10
hsa-miR-939-5p	HBS1L
hsa-miR-939-5p	PTGFRN
hsa-miR-939-5p	ZNF518B
hsa-miR-939-5p	COX10
hsa-miR-939-5p	B4GALT1
hsa-miR-939-5p	LDB1
hsa_circ_0060539	hsa-miR-939-5p
hsa_circ_0058097	hsa-miR-939-5p
hsa_circ_0063329	hsa-miR-939-5p
hsa_circ_0003099	hsa-miR-939-5p
